{"sections":{"custom_landing_Hx9FMc":{"type":"custom-landing","settings":{"image":"shopify:\/\/shop_images\/a-selection-of-candles-and-plants-on-wooden-shelves.jpg","title":"The World's Smartest Cat Litter","heading_text_color":"#000000","subtitle":"HEALTH MONITORING LITTER THAT WON'T BREAK YOUR BACK OR THE BANK","subheading_text_color":"#216fc9","reviews_text":"Over 6,000 ★★★★★★ Reviews","button_text":"ORDER NOW","button_link":"","shipping_text":"Free Delivery, Risk Free Guarantee.","background_color":"#ffffff","text_color":"#000000","button_color":"#216fc9","button_text_color":"#ffffff","image_position":"right","text_alingment":"center"}},"custom_image_block_j9hiVf":{"type":"custom-image-block","blocks":{"image_iXUrhH":{"type":"image","settings":{"image":"shopify:\/\/shop_images\/images.png","alt_text":"Image alt text"}},"image_qkrYCf":{"type":"image","settings":{"image":"shopify:\/\/shop_images\/download_1.png","alt_text":"Image alt text"}},"image_bKiJGf":{"type":"image","settings":{"image":"shopify:\/\/shop_images\/download_2.png","alt_text":"Image alt text"}}},"block_order":["image_iXUrhH","image_qkrYCf","image_bKiJGf"],"settings":{}},"rich_text_7DweK7":{"type":"rich-text","blocks":{"heading_zb8TFa":{"type":"heading","settings":{"heading":"Say goodbye to that \"Litter Box\" Smell","heading_size":"h0"}},"text_ykMNkB":{"type":"text","settings":{"text":"<p>Share information about your brand with your customers. Describe a product, make announcements, or welcome customers to your store.<\/p>"}},"button_dx9iaw":{"type":"button","disabled":true,"settings":{"button_label":"Button label","button_link":"","button_style_secondary":false,"button_label_2":"","button_link_2":"","button_style_secondary_2":false}}},"block_order":["heading_zb8TFa","text_ykMNkB","button_dx9iaw"],"settings":{"desktop_content_position":"center","content_alignment":"center","color_scheme":"","full_width":true,"padding_top":40,"padding_bottom":52}},"section_easy_care_erYRmQ":{"type":"section-easy-care","blocks":{"feature_PdLHA4":{"type":"feature","settings":{"prefix_text":"Refill once a month","icon":"shopify:\/\/shop_images\/shoes-2.svg"}},"feature_AxXjYU":{"type":"feature","settings":{"prefix_text":"Scoop less","icon":"shopify:\/\/shop_images\/shoes-2.svg"}},"feature_ddyb6P":{"type":"feature","settings":{"prefix_text":"Upto 80% lighter","icon":"shopify:\/\/shop_images\/shoes-2.svg"}}},"block_order":["feature_PdLHA4","feature_AxXjYU","feature_ddyb6P"],"settings":{"image":"shopify:\/\/shop_images\/Screenshot_2025-04-16_210610.png","image_position":"right","heading":"EASIER CAT CARE","bg_color":"#f8f8f8","text_color":"#000000"}},"main":{"type":"main-page","disabled":true,"settings":{"padding_top":28,"padding_bottom":28}},"custom_section_JRafxR":{"type":"custom-section","disabled":true,"settings":{"text":"Kuber Store","color":"#bc3333"}},"custom_section_UmAm3r":{"type":"custom-section","blocks":{"social_66EaqL":{"type":"social","settings":{"text":"Twitter","url":"#"}},"social_KmaYzV":{"type":"social","settings":{"text":"Facebook","url":"#"}}},"block_order":["social_66EaqL","social_KmaYzV"],"settings":{"text":"","color":"#000000"}},"contact_form_fN6tN4":{"type":"contact-form","settings":{"heading":"Contact form","heading_size":"h1","color_scheme":"","padding_top":36,"padding_bottom":36}},"faq_rxhPVk":{"type":"faq","blocks":{"question_6EDgtw":{"type":"question","settings":{"question":"What is an accordion?","answer":"An accordion is a UI component that allows the user to toggle visibility of content sections."}},"question_V6FJtE":{"type":"question","settings":{"question":"How do I implement an accordion?","answer":"You can implement an accordion using HTML, CSS, and JavaScript to toggle the visibility of content sections."}}},"block_order":["question_6EDgtw","question_V6FJtE"],"settings":{"headline":"Frequently Asked Question"}},"custom_liquid_YTp8jD":{"type":"custom-liquid","blocks":{"demo_block_D44bhD":{"type":"demo_block","settings":{},"blocks":{}}},"block_order":["demo_block_D44bhD"],"settings":{"custom_liquid":"","color_scheme":"","padding_top":40,"padding_bottom":52}}},"order":["custom_landing_Hx9FMc","custom_image_block_j9hiVf","rich_text_7DweK7","section_easy_care_erYRmQ","main","custom_section_JRafxR","custom_section_UmAm3r","contact_form_fN6tN4","faq_rxhPVk","custom_liquid_YTp8jD"]}